title,year
King Kong,1933
Arsenic and Old Lace,1944
Double Indemnity,1944
I'll Be Seeing You,1944
Lifeboat,1944
Cat on a Hot Tin Roof,1958
Monster on the Campus,1958
No Time for Sergeants,1958
Teacher's Pet,1958
Touch of Evil,1958
Vertigo,1958
Bronenosets Potyomkin,1925
The Big Parade,1925
+1,2013
100 Degrees Below Zero,2013
12 Years a Slave,2013
2 Guns,2013
20 Feet from Stardom,2013
200 Cartas,2013
21 & Over,2013
3 Geezers!,2013
3096 Tage,2013
42,2013
47 Ronin,2013
7500,2013
A Belfast Story,2013
A Case of You,2013
A Field in England,2013
A Good Day to Die Hard,2013
A Madea Christmas,2013
A Most Wanted Man,2013
A Resurrection,2013
A Single Shot,2013
A.C.O.D.,2013
Aashiqui 2,2013
Aberration,2013
About Time,2013
Absence,2013
Admission,2013
Adore,2013
Adult World,2013
After Earth,2013
Age of Dinosaurs,2013
Ain't Them Bodies Saints,2013
Alan Partridge: Alpha Papa,2013
All Is Bright,2013
All Is Lost,2013
All Stars,2013
American Hustle,2013
Anchorman 2: The Legend Continues,2013
As Cool as I Am,2013
As I Lay Dying,2013
Ashley,2013
Ass Backwards,2013
Assault on Wall Street,2013
Atharintiki Daaredi,2013
August: Osage County,2013
Austenland,2013
Bad Grandpa,2013
Bad Milo!,2013
Baggage Claim,2013
Battle of the Year,2013
Beautiful Creatures,2013
Before Midnight,2013
Behaving Badly,2013
Behind the Candelabra,2013
Belle,2013
Besharam,2013
Bhaag Milkha Bhaag,2013
Big Sur,2013
Black Nativity,2013
Blackfish,2013
"Bless Me, Ultima",2013
Blood Ties,2013
Blood of Redemption,2013
Blue Caprice,2013
Blue Jasmine,2013
Borgman,2013
Bounty Killer,2013
Breakout,2013
Breathe In,2013
Broken City,2013
C.O.G.,2013
CBGB,2013
Can a Song Save Your Life?,2013
Captain Phillips,2013
Carrie,2013
Chennai Express,2013
Child of God,2013
Closed Circuit,2013
Cloudy with a Chance of Meatballs 2,2013
Coffee Town,2013
Cold Comes the Night,2013
Concussion,2013
Copperhead,2013
Cottage Country,2013
Crazy Kind of Love,2013
Crush,2013
Crystal Fairy,2013
Curse of Chucky,2013
Dallas Buyers Club,2013
Dark Circles,2013
Dark Skies,2013
Dark Touch,2013
Dealin' with Idiots,2013
Deception,2013
Delivery Man,2013
Despicable Me 2,2013
Devil's Knot,2013
Dhoom 3,2013
Dom Hemingway,2013
Don Peyote,2013
Dragon Ball Z: Battle of Gods,2013
Drift,2013
Drinking Buddies,2013
Effie Gray,2013
Elysium,2013
Empire State,2013
Ender's Game,2013
Enemy,2013
Enough Said,2013
Epic,2013
Escape Plan,2013
Escape from Planet Earth,2013
Escape from Tomorrow,2013
Europa Report,2013
Evidence,2013
Evil Dead,2013
Exploding Sun,2013
Extraction,2013
Fading Gigolo,2013
Family Weekend,2013
Feuchtgebiete,2013
Filth,2013
Five Thirteen,2013
Forbidden Ground,2013
Frankenstein's Army,2013
Free Birds,2013
Frozen,2013
Fruitvale Station,2013
Fukrey,2013
Furious 6,2013
G.I. Joe: Retaliation,2013
Gangster Squad,2013
Generation Iron,2013
Get Lucky,2013
Get a Job,2013
Getaway,2013
Ghost Team One,2013
Gimme Shelter,2013
Go Goa Gone,2013
Grace Unplugged,2013
Grand Masti,2013
Grand Piano,2013
Gravity,2013
Grown Ups 2,2013
Grudge Match,2013
Hammer of the Gods,2013
Hansel & Gretel Get Baked,2013
Hansel & Gretel: Witch Hunters,2013
Hatchet III,2013
Haunter,2013
He's Way More Famous Than You,2013
Heart of the Country,2013
Hell & Back,2013
Hell Baby,2013
Her,2013
Hidden Away,2013
Hoe Duur was de Suiker,2013
Home Run,2013
Home Sweet Home,2013
Homefront,2013
Horns,2013
Horrible Bosses 2,2013
House of Last Things,2013
How I Live Now,2013
Hummingbird,2013
I Give It a Year,2013
I Spit on Your Grave 2,2013
I'm in Love with a Church Girl,2013
Identity Thief,2013
In Fear,2013
In a World...,2013
InAPPropriate Comedy,2013
Inequality for All,2013
Inside Llewyn Davis,2013
Insidious: Chapter 2,2013
Intersections,2013
Iron Man 3,2013
Jack Ryan: Shadow One,2013
Jack the Giant Slayer,2013
Java Heat,2013
Jeune & jolie,2013
Jimmy P.,2013
Joe,2013
Jug Face,2013
Justin and the Knights of Valour,2013
Kaze tachinu,2013
Kevin Hart: Let Me Explain,2013
Kill Your Darlings,2013
Killing Season,2013
L'ecume des jours,2013
L'inconnu du lac,2013
La Venus a la fourrure,2013
La cage doree,2013
La gran familia espanola,2013
La grande bellezza,2013
La migliore offerta,2013
Labor Day,2013
Las brujas de Zugarramurdi,2013
Last Vegas,2013
Le Week-End,2013
Le passe,2013
Legends of Oz: Dorothy's Return,2013
Life of Crime,2013
Linsanity,2013
Lizzie,2013
Locke,2013
Lone Survivor,2013
Lootera,2013
Los amantes pasajeros,2013
Lost on Purpose,2013
Love and Honor,2013
Machete Kills,2013
Mademoiselle C,2013
Madras Cafe,2013
Magic Magic,2013
Mama,2013
Man of Steel,2013
Man of Tai Chi,2013
Mandela: Long Walk to Freedom,2013
McCanick,2013
Metallica Through the Never,2013
Metegol,2013
Metro Manila,2013
Michael Kohlhaas,2013
Mobius,2013
Monica Z,2013
Monsters University,2013
Movie 43,2013
Mr. Morgan's Last Love,2013
My Little Pony: Equestria Girls,2013
My Lucky Star,2013
Nebraska,2013
Night Moves,2013
Night Train to Lisbon,2013
No se Aceptan Devoluciones,2013
No se si cortarme las venas o dejarmelas largas,2013
Nosotros los Nobles,2013
Nothing Left to Fear,2013
Now You See Me,2013
Oblivion,2013
Oculus,2013
Odd Thomas,2013
Officer Down,2013
Oldboy,2013
Olympus Has Fallen,2013
On the Job,2013
One Chance,2013
One Direction: This Is Us,2013
Only God Forgives,2013
Only Lovers Left Alive,2013
Out of the Furnace,2013
Oz the Great and Powerful,2013
Pacific Rim,2013
Pain & Gain,2013
Palo Alto,2013
Paradise,2013
Paranoia,2013
Paranormal Asylum: The Revenge of Typhoid Mary,2013
Parker,2013
Parkland,2013
Pawn,2013
Pawn Shop Chronicles,2013
Peeples,2013
Penthouse North,2013
Percy Jackson: Sea of Monsters,2013
Phantom,2013
Phata Poster Nikhla Hero,2013
Philomena,2013
Planes,2013
Plush,2013
Prince Avalanche,2013
Prisoners,2013
R.I.P.D.,2013
Rapture-Palooza,2013
Raze,2013
Red 2,2013
Red Line,2013
Red Obsession,2013
Riddick,2013
Riddle,2013
Robosapien: Rebooted,2013
Romeo and Juliet,2013
Run,2013
Runner Runner,2013
Rush,2013
Safe Haven,2013
Salinger,2013
Savannah,2013
Saving Mr. Banks,2013
Scary MoVie,2013
Scenic Route,2013
Self Storage,2013
Serena,2013
Short Term 12,2013
Shuddh Desi Romance,2013
Side Effects,2013
Silver Falls,2013
Snake and Mongoose,2013
Snitch,2013
Snowpiercer,2013
Some Girl(s),2013
Spiders,2013
Standing Up,2013
Star Trek Into Darkness,2013
Stoker,2013
Straight A's,2013
Stranded,2013
Studentfesten,2013
Suddenly,2013
Summer in February,2013
Sunshine on Leith,2013
Syrup,2013
Tarzan,2013
Temptation: Confessions of a Marriage Counselor,2013
Texas Chainsaw 3D,2013
The Adventurer: The Curse of the Midas Box,2013
The Adventures of Mickey Matson and the Copperhead Treasure,2013
The Amityville Asylum,2013
The Angriest Man in Brooklyn,2013
The Art of the Steal,2013
The Bell Witch Haunting,2013
The Best Man Holiday,2013
The Big Wedding,2013
The Blackout,2013
The Bling Ring,2013
The Book Thief,2013
The Butler,2013
The Call,2013
The Cloth,2013
The Colony,2013
The Congress,2013
The Conjuring,2013
The Contractor,2013
The Counselor,2013
The Croods,2013
The Demented,2013
The Devil You Know,2013
The Dirties,2013
The Disappearance of Eleanor Rigby: Him,2013
The Door,2013
The Double,2013
The Dyatlov Pass Incident,2013
The East,2013
The English Teacher,2013
The F Word,2013
The Family,2013
The Fifth Estate,2013
The Frozen Ground,2013
The Good Road,2013
The Great Gatsby,2013
The Green Inferno,2013
The Hangover Part III,2013
The Haunting in Connecticut 2: Ghosts of Georgia,2013
The Heat,2013
The Hobbit: The Desolation of Smaug,2013
The Host,2013
The Hot Flashes,2013
The Hunger Games: Catching Fire,2013
The Incredible Burt Wonderstone,2013
The Internship,2013
The Invisible Woman,2013
The Kings of Summer,2013
The Last Days on Mars,2013
The Last Exorcism Part II,2013
The Last Keepers,2013
The Last Knights,2013
The Last Stand,2013
The Last of Robin Hood,2013
The Lifeguard,2013
The Lone Ranger,2013
The Look of Love,2013
The Lost Medallion: The Adventures of Billy Stone,2013
The Lunchbox,2013
The Monuments Men,2013
The Mortal Instruments: City of Bones,2013
The Necessary Death of Charlie Countryman,2013
The Numbers Station,2013
The Package,2013
The Philosophers,2013
The Power of Few,2013
The Prototype,2013
The Purge,2013
The Railway Man,2013
The Rover,2013
The Secret Life of Walter Mitty,2013
The Secret Lives of Dorks,2013
The Short Game,2013
The Smurfs 2,2013
The Spectacular Now,2013
The Stranger Within,2013
The Truth About Emanuel,2013
The Turning,2013
The Ultimate Life,2013
The Way Way Back,2013
The Wee Man,2013
The Wolf of Wall Street,2013
The Wolverine,2013
The World's End,2013
The Young and Prodigious T.S. Spivet,2013
The Zero Theorem,2013
Therese,2013
Third Person,2013
This Is the End,2013
Thor: The Dark World,2013
Touchy Feely,2013
Trance,2013
Trust Me,2013
Turbo,2013
Unstoppable,2013
Upstream Color,2013
V/H/S/2,2013
Vamp U,2013
Vehicle 19,2013
Vi,2013
Vikingdom,2013
Wakolda,2013
Warm Bodies,2013
We Are What We Are,2013
We're the Millers,2013
Welcome to the Punch,2013
Where the Devil Hides,2013
White House Down,2013
Wolf,2013
World War Z,2013
Yeh Jawaani Hai Deewani,2013
Yi dai zong shi,2013
Yip Man: Jung gik yat jin,2013
You Are Here,2013
Zero Charisma,2013
Zombie Hunter,2013
Zulu,2013
jOBS,2013
uwantme2killhim?,2013
3 Men and a Baby,1987
A Nightmare on Elm Street 3: Dream Warriors,1987
Adventures in Babysitting,1987
Angel Heart,1987
Beverly Hills Cop II,1987
Can't Buy Me Love,1987
Der Himmel uber Berlin,1987
Dirty Dancing,1987
Empire of the Sun,1987
Evil Dead II,1987
Fatal Attraction,1987
Flowers in the Attic,1987
Full Metal Jacket,1987
"Good Morning, Vietnam",1987
Harry and the Hendersons,1987
Hellraiser,1987
Innerspace,1987
La Bamba,1987
Less Than Zero,1987
Lethal Weapon,1987
Mannequin,1987
Masters of the Universe,1987
Moonstruck,1987
Over the Top,1987
Overboard,1987
"Planes, Trains & Automobiles",1987
Police Academy 4: Citizens on Patrol,1987
Predator,1987
Prince of Darkness,1987
Raising Arizona,1987
RoboCop,1987
Some Kind of Wonderful,1987
Spaceballs,1987
Summer School,1987
Superman IV: The Quest for Peace,1987
The Last Emperor,1987
The Living Daylights,1987
The Lost Boys,1987
The Monster Squad,1987
The Princess Bride,1987
The Principal,1987
The Running Man,1987
The Untouchables,1987
The Witches of Eastwick,1987
Throw Momma from the Train,1987
Wall Street,1987
Withnail & I,1987
City Lights,1931
Dracula,1931
Frankenstein,1931
M,1931
Street Scene,1931
The Public Enemy,1931
A Streetcar Named Desire,1951
Alice in Wonderland,1951
An American in Paris,1951
Operation Pacific,1951
Storm Warning,1951
Strangers on a Train,1951
The African Queen,1951
The Day the Earth Stood Still,1951
10 Things I Hate About You,1999
200 Cigarettes,1999
8MM,1999
A Midsummer Night's Dream,1999
American Beauty,1999
Analyze This,1999
Anna and the King,1999
Any Given Sunday,1999
Arlington Road,1999
Austin Powers: The Spy Who Shagged Me,1999
Being John Malkovich,1999
Bicentennial Man,1999
Big Daddy,1999
Blast from the Past,1999
Blue Streak,1999
Bringing Out the Dead,1999
Brokedown Palace,1999
Crazy in Alabama,1999
Deep Blue Sea,1999
Detroit Rock City,1999
Deuce Bigalow: Male Gigolo,1999
Dogma,1999
Double Jeopardy,1999
Drive Me Crazy,1999
Drop Dead Gorgeous,1999
Edtv,1999
Election,1999
End of Days,1999
Entrapment,1999
Fight Club,1999
For Love of the Game,1999
Forces of Nature,1999
Galaxy Quest,1999
Ghost Dog: The Way of the Samurai,1999
"Girl, Interrupted",1999
Go,1999
House on Haunted Hill,1999
Idle Hands,1999
In Dreams,1999
Inspector Gadget,1999
Instinct,1999
Jawbreaker,1999
Joan of Arc,1999
Lake Placid,1999
Life,1999
Magnolia,1999
Man on the Moon,1999
Mansfield Park,1999
Message in a Bottle,1999
Mystery Men,1999
Never Been Kissed,1999
Notting Hill,1999
October Sky,1999
Odishon,1999
Office Space,1999
Outside Providence,1999
Payback,1999
Pushing Tin,1999
Runaway Bride,1999
She's All That,1999
Sleepy Hollow,1999
South Park: Bigger Longer & Uncut,1999
Star Wars: Episode I - The Phantom Menace,1999
Stigmata,1999
Stir of Echoes,1999
Stuart Little,1999
Superstar,1999
Tarzan,1999
Teaching Mrs. Tingle,1999
The 13th Warrior,1999
The Astronaut's Wife,1999
The Best Man,1999
The Blair Witch Project,1999
The Bone Collector,1999
The Boondock Saints,1999
The Cider House Rules,1999
The General's Daughter,1999
The Haunting,1999
The Hurricane,1999
The Insider,1999
The Iron Giant,1999
The Love Letter,1999
The Matrix,1999
The Mummy,1999
The Ninth Gate,1999
The Other Sister,1999
The Rage: Carrie 2,1999
The Sixth Sense,1999
The Straight Story,1999
The Wood,1999
The World Is Not Enough,1999
Three Kings,1999
Titus,1999
Todo sobre mi madre,1999
Toy Story 2,1999
Varsity Blues,1999
Wild Wild West,1999
eXistenZ,1999
Ace Ventura: Pet Detective,1994
Airheads,1994
Andre,1994
Angels in the Outfield,1994
Baby's Day Out,1994
Blue Sky,1994
Camp Nowhere,1994
Clear and Present Danger,1994
Clerks.,1994
D2: The Mighty Ducks,1994
Don Juan DeMarco,1994
Dumb & Dumber,1994
Ed Wood,1994
Exotica,1994
Forrest Gump,1994
Four Weddings and a Funeral,1994
Frankenstein,1994
Heavenly Creatures,1994
I Like It Like That,1994
In the Mouth of Madness,1994
Interview with the Vampire: The Vampire Chronicles,1994
It Could Happen to You,1994
Jui kuen II,1994
Junior,1994
Legends of the Fall,1994
Leon,1994
Little Big League,1994
Little Giants,1994
Little Women,1994
Maverick,1994
Muriel's Wedding,1994
My Girl 2,1994
Naked Gun 33 1/3: The Final Insult,1994
Natural Born Killers,1994
Nell,1994
New Nightmare,1994
Once Were Warriors,1994
Only You,1994
PCU,1994
Pulp Fiction,1994
Quiz Show,1994
Reality Bites,1994
Richie Rich,1994
Serial Mom,1994
Shallow Grave,1994
Speed,1994
Star Trek: Generations,1994
Stargate,1994
Street Fighter,1994
The Client,1994
The Crow,1994
The Flintstones,1994
The Hudsucker Proxy,1994
The Jungle Book,1994
The Lion King,1994
The Little Rascals,1994
The Mask,1994
The Next Karate Kid,1994
The Pagemaster,1994
The River Wild,1994
The Santa Clause,1994
The Shadow,1994
The Shawshank Redemption,1994
The Specialist,1994
The War,1994
Thumbelina,1994
Trois couleurs: Rouge,1994
True Lies,1994
When a Man Loves a Woman,1994
Wolf,1994
Wyatt Earp,1994
10 Years,2011
30 Minutes or Less,2011
360,2011
3D rou pu tuan zhi ji le bao jian,2011
50/50,2011
A Better Life,2011
A Dangerous Method,2011
A Few Best Men,2011
A Good Old Fashioned Orgy,2011
A Little Bit of Heaven,2011
A Lonely Place to Die,2011
A Very Harold & Kumar 3D Christmas,2011
Abduction,2011
Absentia,2011
Age of Heroes,2011
Albert Nobbs,2011
Alvin and the Chipmunks: Chipwrecked,2011
Anonymous,2011
Another Earth,2011
Apollo 18,2011
Arthur Christmas,2011
Assassination Games,2011
Atlas Shrugged: Part I,2011
Attack the Block,2011
Battle Los Angeles,2011
Beastly,2011
Beneath the Darkness,2011
Bernie,2011
"Big Mommas: Like Father, Like Son",2011
Black Butterflies,2011
Black Gold,2011
Blitz,2011
Bridesmaids,2011
Bully,2011
Butter,2011
Captain America: The First Avenger,2011
Carnage,2011
Cars 2,2011
Catch .44,2011
Cedar Rapids,2011
Chalet Girl,2011
Colombiana,2011
Conan the Barbarian,2011
Contagion,2011
Coriolanus,2011
Courageous,2011
Cowboys & Aliens,2011
"Crazy, Stupid, Love.",2011
Damsels in Distress,2011
Detention,2011
Diary of a Wimpy Kid: Rodrick Rules,2011
Divination,2011
Dolphin Tale,2011
Dream House,2011
Drive,2011
Drive Angry,2011
Emergo,2011
Extremely Loud & Incredibly Close,2011
Faces in the Crowd,2011
Fast Five,2011
Final Destination 5,2011
Finding Kind,2011
Floquet de Neu,2011
Flypaper,2011
Footloose,2011
Forces speciales,2011
Friends with Kids,2011
Fright Night,2011
From Prada to Nada,2011
Ghost Rider: Spirit of Vengeance,2011
Girl Walks Into a Bar,2011
Gnomeo & Juliet,2011
God Bless America,2011
Goon,2011
Grave Encounters,2011
Green Lantern,2011
"Guns, Girls and Gambling",2011
Hall Pass,2011
Hanna,2011
Happy Feet Two,2011
Harry Potter and the Deathly Hallows: Part 2,2011
Haywire,2011
Hell,2011
Hick,2011
Higher Ground,2011
Hodejegerne,2011
Honey 2,2011
Hoodwinked Too! Hood vs. Evil,2011
Hop,2011
Horrible Bosses,2011
Hugo,2011
Hur manga lingon finns det i varlden?,2011
I Am Number Four,2011
I Don't Know How She Does It,2011
I Melt with You,2011
Immortals,2011
In Darkness,2011
In Time,2011
In the Land of Blood and Honey,2011
Intouchables,2011
Intruders,2011
Ironclad,2011
J. Edgar,2011
Jack and Jill,2011
Jane Eyre,2011
"Jeff, Who Lives at Home",2011
Jiro Dreams of Sushi,2011
Jodaeiye Nader az Simin,2011
Johnny English Reborn,2011
Jumping the Broom,2011
Just Go with It,2011
Justin Bieber: Never Say Never,2011
Kill List,2011
Kill the Irishman,2011
Killer Elite,2011
Killer Joe,2011
Kokuriko-zaka kara,2011
Kung Fu Panda 2,2011
L!fe Happens,2011
La delicatesse,2011
La piel que habito,2011
Larry Crowne,2011
Like Crazy,2011
Limitless,2011
Little Birds,2011
Love,2011
"Love, Wedding, Marriage",2011
Lovely Molly,2011
Machine Gun Preacher,2011
Madea's Big Happy Family,2011
Mardi Gras: Spring Break,2011
Margaret,2011
Margin Call,2011
Mars Needs Moms,2011
Martha Marcy May Marlene,2011
Megan Is Missing,2011
Melancholia,2011
Midnight in Paris,2011
Mientras duermes,2011
Miss Bala,2011
Mission: Impossible - Ghost Protocol,2011
Moneyball,2011
Monte Carlo,2011
Mr. Popper's Penguins,2011
My Week with Marilyn,2011
Never Back Down 2: The Beatdown,2011
New Year's Eve,2011
No Strings Attached,2011
October Baby,2011
One Day,2011
Our Idiot Brother,2011
Panic Button,2011
Paranormal Activity 3,2011
Paul,2011
"Peace, Love, & Misunderstanding",2011
Perfect Sense,2011
Pirates of the Caribbean: On Stranger Tides,2011
Priest,2011
Prom,2011
Puncture,2011
Puss in Boots,2011
Rampart,2011
Rango,2011
Real Steel,2011
Recoil,2011
Red Dog,2011
Red Riding Hood,2011
Restless,2011
Retreat,2011
Rio,2011
Rise of the Planet of the Apes,2011
Rundskop,2011
Salmon Fishing in the Yemen,2011
Samsara,2011
Sanctum,2011
Scream 4,2011
Season of the Witch,2011
Seeking Justice,2011
Serbuan maut,2011
Setup,2011
Shark Night 3D,2011
Sherlock Holmes: A Game of Shadows,2011
Silent House,2011
Sisters & Brothers,2011
Sleeping Beauty,2011
Snowtown,2011
Something Borrowed,2011
Soul Surfer,2011
Sound of My Voice,2011
Source Code,2011
Spy Kids: All the Time in the World in 4D,2011
Starbuck,2011
State of Emergency,2011
Straw Dogs,2011
Sucker Punch,2011
Super 8,2011
Take Me Home Tonight,2011
Take Shelter,2011
Take This Waltz,2011
Texas Killing Fields,2011
The Adventures of Tintin,2011
The Art of Getting By,2011
The Artist,2011
The Awakening,2011
The Beaver,2011
The Best Exotic Marigold Hotel,2011
The Big Year,2011
The Caller,2011
The Darkest Hour,2011
The Day,2011
The Decoy Bride,2011
The Descendants,2011
The Details,2011
The Devil's Double,2011
The Devil's Rock,2011
The Divide,2011
The Double,2011
The Eagle,2011
The Entitled,2011
The Family Tree,2011
The Girl with the Dragon Tattoo,2011
The Good Doctor,2011
The Green Hornet,2011
The Grey,2011
The Guard,2011
The Hangover Part II,2011
The Help,2011
The Human Centipede II (Full Sequence),2011
The Hunter,2011
The Ides of March,2011
The Inbetweeners Movie,2011
The Innkeepers,2011
The Iron Lady,2011
The Lady,2011
The Ledge,2011
The Lincoln Lawyer,2011
The Loneliest Planet,2011
The Mechanic,2011
The Moth Diaries,2011
The Muppets,2011
The Pill,2011
The Resident,2011
The Reunion,2011
The Rite,2011
The Roommate,2011
The Rum Diary,2011
The Sitter,2011
The Smurfs,2011
The Son of No One,2011
The Thing,2011
The Three Musketeers,2011
The Tree of Life,2011
The Trouble with Bliss,2011
The Tunnel,2011
The Twilight Saga: Breaking Dawn - Part 1,2011
The Woman,2011
This Must Be the Place,2011
Thor,2011
Tinker Tailor Soldier Spy,2011
Touchback,2011
Tower Heist,2011
Transformers: Dark of the Moon,2011
Trespass,2011
Twixt,2011
Tyrannosaur,2011
Un monstre a Paris,2011
Unknown,2011
Vampire,2011
Video Girl,2011
Violet & Daisy,2011
War Horse,2011
Warrior,2011
Water for Elephants,2011
We Bought a Zoo,2011
We Need to Talk About Kevin,2011
What's Your Number?,2011
Wild Bill,2011
Win Win,2011
Winnie the Pooh,2011
Wrong Turn 4: Bloody Beginnings,2011
Wu xia,2011
Wuthering Heights,2011
X-Men: First Class,2011
Xin shao lin si,2011
You May Not Kiss the Bride,2011
You're Next,2011
Young Adult,2011
Your Highness,2011
Your Sister's Sister,2011
Zookeeper,2011
Airplane!,1980
American Gigolo,1980
Any Which Way You Can,1980
Caddyshack,1980
Cannibal Holocaust,1980
Coal Miner's Daughter,1980
Dressed to Kill,1980
Fame,1980
Flash Gordon,1980
Friday the 13th,1980
Ordinary People,1980
Popeye,1980
Private Benjamin,1980
Raging Bull,1980
Somewhere in Time,1980
Star Wars: Episode V - The Empire Strikes Back,1980
Superman II,1980
The Blues Brothers,1980
The Changeling,1980
The Elephant Man,1980
The Fog,1980
The Gods Must Be Crazy,1980
The Shining,1980
Xanadu,1980
2010,1984
A Nightmare on Elm Street,1984
Against All Odds,1984
Amadeus,1984
Bachelor Party,1984
Beverly Hills Cop,1984
Blood Simple.,1984
Body Double,1984
Breakin',1984
Children of the Corn,1984
Cloak & Dagger,1984
Conan the Destroyer,1984
Die unendliche Geschichte,1984
Dune,1984
Footloose,1984
Friday the 13th: The Final Chapter,1984
Ghost Busters,1984
Gremlins,1984
Indiana Jones and the Temple of Doom,1984
Kaze no tani no Naushika,1984
Nineteen Eighty-Four,1984
Once Upon a Time in America,1984
"Paris, Texas",1984
Police Academy,1984
Red Dawn,1984
Repo Man,1984
Revenge of the Nerds,1984
Romancing the Stone,1984
Sixteen Candles,1984
Splash,1984
Star Trek III: The Search for Spock,1984
Streets of Fire,1984
Supergirl,1984
The Adventures of Buckaroo Banzai Across the 8th Dimension,1984
The Bounty,1984
The Karate Kid,1984
The Killing Fields,1984
The Last Starfighter,1984
The Natural,1984
The Philadelphia Experiment,1984
The Terminator,1984
This Is Spinal Tap,1984
Top Secret!,1984
2 Days in New York,2012
21 Jump Street,2012
40 Days and Nights,2012
6 Bullets,2012
A Fantastic Fear of Everything,2012
A Glimpse Inside the Mind of Charles Swan III,2012
A Late Quartet,2012
A Perfect Ending,2012
A Thousand Words,2012
A.C.A.B.: All Cops Are Bastards,2012
ATM,2012
Abraham Lincoln: Vampire Hunter,2012
Act of Valor,2012
Aftershock,2012
Alex Cross,2012
Alien Uprising,2012
Amber Alert,2012
American Mary,2012
American Reunion,2012
Among Friends,2012
Amour,2012
Antiviral,2012
Apartment 1303 3D,2012
Arbitrage,2012
Argo,2012
Arthur Newman,2012
Asterix et Obelix: Au service de Sa Majeste,2012
At Any Price,2012
Atlas Shrugged II: The Strike,2012
Bachelorette,2012
Bad Ass,2012
Bad Kids Go to Hell,2012
Bait,2012
Battleship,2012
Beasts of the Southern Wild,2012
Being Flynn,2012
Bel Ami,2012
Best Man Down,2012
Big Miracle,2012
Biohazard: Damnation,2012
Black Rock,2012
Blancanieves,2012
Blood,2012
Bloody Homecoming,2012
Brake,2012
Branded,2012
Brave,2012
Broken,2012
Bullet to the Head,2012
Byzantium,2012
Casa de mi Padre,2012
Celeste & Jesse Forever,2012
Chained,2012
Chasing Ice,2012
Chasing Mavericks,2012
Chernobyl Diaries,2012
Chronicle,2012
Cirque du Soleil: Worlds Away,2012
Citadel,2012
Cleanskin,2012
Cloud Atlas,2012
Cockneys vs Zombies,2012
Cold Blooded,2012
Columbus Circle,2012
Come Out and Play,2012
Compliance,2012
Contraband,2012
Cosmopolis,2012
Dans la maison,2012
Dark Blood,2012
Dark Shadows,2012
Dark Tide,2012
De rouille et d'os,2012
Dead Mine,2012
Dead Season,2012
Deadfall,2012
Despues de Lucia,2012
Devoured,2012
Diary of a Wimpy Kid: Dog Days,2012
Disconnect,2012
Divorce Invitation,2012
Django Unchained,2012
Dracula 3D,2012
Dredd,2012
Du zhan,2012
Earthbound,2012
El Gringo,2012
El cuerpo,2012
Electrick Children,2012
Emperor,2012
En kongelig affaere,2012
End of Watch,2012
Errors of the Human Body,2012
Excision,2012
Extracted,2012
Fairytale,2012
Fast Girls,2012
Filly Brown,2012
Fin,2012
Fire with Fire,2012
Flight,2012
Frances Ha,2012
Frankenweenie,2012
Frankie Go Boom,2012
Free Samples,2012
Freelancers,2012
Freeloaders,2012
Fun Size,2012
Gallowwalkers,2012
Gambit,2012
Get the Gringo,2012
Ginger & Rosa,2012
Girl Most Likely,2012
Girls Gone Dead,2012
Goats,2012
Gone,2012
Good Deeds,2012
Grassroots,2012
Grave Encounters 2,2012
Great Expectations,2012
Greetings from Tim Buckley,2012
Hannah Arendt,2012
Here Comes the Boom,2012
Hit and Run,2012
Hitchcock,2012
Holy Motors,2012
Hope Springs,2012
Hotel Transylvania,2012
House at the End of the Street,2012
I Declare War,2012
Ice Age: Continental Drift,2012
In Their Skin,2012
Interview with a Hitman,2012
Into the White,2012
Iron Sky,2012
It's a Disaster,2012
Jack Reacher,2012
Jack and Diane,2012
Jagten,2012
Jayne Mansfield's Car,2012
Jewtopia,2012
John Carter,2012
John Dies at the End,2012
Journey 2: The Mysterious Island,2012
Joyful Noise,2012
Kapringen,2012
Katy Perry: Part of Me,2012
Killing Them Softly,2012
Kiss of the Damned,2012
Kon-Tiki,2012
LOL,2012
Las aventuras de Tadeo Jones,2012
Last Kind Words,2012
Lawless,2012
Lay the Favorite,2012
Lemale et ha'halal,2012
Les Miserables,2012
Les adieux a la reine,2012
Les infideles,2012
Les saveurs du Palais,2012
Liberal Arts,2012
Life of Pi,2012
Lincoln,2012
Lo imposible,2012
Lockout,2012
Lola Versus,2012
Looper,2012
Lore,2012
Love Sick Love,2012
Mac & Devin Go to High School,2012
Madagascar 3: Europe's Most Wanted,2012
Madea's Witness Protection,2012
Magic Mike,2012
Man on a Ledge,2012
Maniac,2012
Maximum Conviction,2012
Meeting Evil,2012
Men in Black 3,2012
Mental,2012
Mirror Mirror,2012
Moonrise Kingdom,2012
Much Ado About Nothing,2012
Mud,2012
Museum Hours,2012
My Amityville Horror,2012
No,2012
No One Lives,2012
Nobody Walks,2012
Noobz,2012
Not Fade Away,2012
On the Road,2012
One for the Money,2012
Ot vinta 3D,2012
ParaNorman,2012
Paradies: Glaube,2012
Paranormal Activity 4,2012
Parental Guidance,2012
Passion,2012
People Like Us,2012
Perfect Sisters,2012
Piranha 3DD,2012
Pitch Perfect,2012
Playing for Keeps,2012
Populaire,2012
Premium Rush,2012
Project X,2012
Prometheus,2012
Promised Land,2012
Pusher,2012
Quartet,2012
Rebelle,2012
Red Dawn,2012
Red Lights,2012
Red Tails,2012
Renoir,2012
Resident Evil: Retribution,2012
Resolution,2012
Rise of the Guardians,2012
Robot & Frank,2012
Rock of Ages,2012
Room 237,2012
Ruby Sparks,2012
Run for Your Wife,2012
Safe,2012
Safe House,2012
Safety Not Guaranteed,2012
Sassy Pants,2012
Savages,2012
Save the Date,2012
Searching for Sugar Man,2012
Secret of the Wings,2012
See Girl Run,2012
Seeking a Friend for the End of the World,2012
Seven Psychopaths,2012
Shadow Dancer,2012
She Wants Me,2012
Sightseers,2012
Silent Hill: Revelation 3D,2012
Silver Linings Playbook,2012
Sinister,2012
Skyfall,2012
Sleepwalk with Me,2012
Small Apartments,2012
Smashed,2012
Smiley,2012
Snow White and the Huntsman,2012
So Undercover,2012
Soldiers of Fortune,2012
Somebody Up There Likes Me,2012
Song for Marion,2012
Sparkle,2012
Spike Island,2012
Spring Breakers,2012
Stand Up Guys,2012
Starlet,2012
Starship Troopers: Invasion,2012
Step Up Revolution,2012
Still Mine,2012
Stolen,2012
Storage 24,2012
Stories We Tell,2012
StreetDance 2,2012
Struck by Lightning,2012
Stuck in Love,2012
Tai Chi Hero,2012
Taken 2,2012
Tar,2012
Ted,2012
That's My Boy,2012
The ABCs of Death,2012
The Act of Killing,2012
The Amazing Spider-Man,2012
The Angels' Share,2012
The Apparition,2012
The Attack,2012
The Avengers,2012
The Bates Haunting,2012
The Bay,2012
The Baytown Outlaws,2012
The Bourne Legacy,2012
The Brass Teapot,2012
The Broken Circle Breakdown,2012
The Cabin in the Woods,2012
The Campaign,2012
The Citizen,2012
The Cold Light of Day,2012
The Collection,2012
The Company You Keep,2012
The Conspiracy,2012
The Courier,2012
The Dark Knight Rises,2012
The Devil Inside,2012
The Dictator,2012
The Dinosaur Project,2012
The End of Love,2012
The Expatriate,2012
The Expendables 2,2012
The Factory,2012
The First Time,2012
The Five-Year Engagement,2012
The Forger,2012
The Gatekeepers,2012
The Giant Mechanical Man,2012
The Guest House,2012
The Guilt Trip,2012
The Helpers,2012
The Hobbit: An Unexpected Journey,2012
The Hunger Games,2012
The Iceman,2012
The Imposter,2012
The Last Ride,2012
The Last Will and Testament of Rosalind Leigh,2012
The Lorax,2012
The Lords of Salem,2012
The Lucky One,2012
The Magic of Belle Isle,2012
The Man with the Iron Fists,2012
The Master,2012
The Motel Life,2012
The Odd Life of Timothy Green,2012
The Pact,2012
The Paperboy,2012
The Patience Stone,2012
The Perks of Being a Wallflower,2012
The Philly Kid,2012
The Pirates! In an Adventure with Scientists!,2012
The Place Beyond the Pines,2012
The Possession,2012
The Queen of Versailles,2012
The Raven,2012
The Reluctant Fundamentalist,2012
The Rise,2012
The Samaritan,2012
The Sapphires,2012
The Sweeney,2012
The Tall Man,2012
The Thompsons,2012
The Three Stooges,2012
The Truth,2012
The Twilight Saga: Breaking Dawn - Part 2,2012
The Vow,2012
The Watch,2012
The Woman in Black,2012
The Words,2012
Therese Desqueyroux,2012
Think Like a Man,2012
This Is 40,2012
This Means War,2012
Tim and Eric's Billion Dollar Movie,2012
To Rome with Love,2012
To the Wonder,2012
Total Recall,2012
Tower Block,2012
Transit,2012
Trouble with the Curve,2012
Truth or Dare,2012
Un plan parfait,2012
Unconditional,2012
Under the Bed,2012
Underworld: Awakening,2012
Universal Soldier: Day of Reckoning,2012
Upside Down,2012
V/H/S,2012
Vamps,2012
Venuto al mondo,2012
Wadjda,2012
Wanderlust,2012
West of Memphis,2012
What Maisie Knew,2012
What Richard Did,2012
What to Expect When You're Expecting,2012
Wish You Were Here,2012
Won't Back Down,2012
Would You Rather,2012
Wrath of the Titans,2012
Wreck-It Ralph,2012
Wrong,2012
Wrong Turn 5: Bloodlines,2012
Yi jiu si er,2012
Zambezia,2012
Zero Dark Thirty,2012
[REC]3 Genesis,2012
1408,2007
2 Days in Paris,2007
28 Weeks Later,2007
30 Days of Night,2007
3:10 to Yuma,2007
4: Rise of the Silver Surfer,2007
88 Minutes,2007
A Mighty Heart,2007
A l'interieur,2007
AVPR: Aliens vs Predator - Requiem,2007
Across the Universe,2007
Alvin and the Chipmunks,2007
American Gangster,2007
An American Crime,2007
Anamorph,2007
Arn: Tempelriddaren,2007
Atonement,2007
August Rush,2007
Awake,2007
Balls of Fury,2007
Battle in Seattle,2007
Because I Said So,2007
Becoming Jane,2007
Bee Movie,2007
Before the Devil Knows You're Dead,2007
Beowulf,2007
Big Stan,2007
Bill,2007
Blades of Glory,2007
Blood and Chocolate,2007
Borderland,2007
Boy A,2007
Bratz,2007
Breach,2007
Bridge to Terabithia,2007
Butterfly on a Wheel,2007
Captivity,2007
Cassandra's Dream,2007
Chapter 27,2007
Charlie Bartlett,2007
Charlie Wilson's War,2007
Cleaner,2007
Control,2007
Cougar Club,2007
Daddy's Little Girls,2007
Dan in Real Life,2007
Dead Silence,2007
Death Proof,2007
Death Sentence,2007
Death at a Funeral,2007
Diary of the Dead,2007
Disturbia,2007
El orfanato,2007
Elizabeth: The Golden Age,2007
Enchanted,2007
Epic Movie,2007
Evan Almighty,2007
Evening,2007
Feast of Love,2007
Fracture,2007
Freedom Writers,2007
Frontiere(s),2007
Funny Games U.S.,2007
Gabriel,2007
Georgia Rule,2007
Ghost Rider,2007
Gone Baby Gone,2007
Good Luck Chuck,2007
Grindhouse,2007
Hairspray,2007
Halloween,2007
Hannibal Rising,2007
Harry Potter and the Order of the Phoenix,2007
Hitman,2007
Hostel: Part II,2007
Hot Fuzz,2007
Hot Rod,2007
I Am Legend,2007
I Could Never Be Your Woman,2007
I Know Who Killed Me,2007
I Think I Love My Wife,2007
I'm Not There.,2007
In the Land of Women,2007
In the Valley of Elah,2007
Into the Wild,2007
Juno,2007
Knocked Up,2007
La misma luna,2007
La mome,2007
Lars and the Real Girl,2007
Le scaphandre et le papillon,2007
License to Wed,2007
Lions for Lambs,2007
Live Free or Die Hard,2007
Los cronocrimenes,2007
Mama's Boy,2007
Meet the Robinsons,2007
Michael Clayton,2007
Mr. Bean's Holiday,2007
Mr. Brooks,2007
Mr. Magorium's Wonder Emporium,2007
Music and Lyrics,2007
My Blueberry Nights,2007
Nancy Drew,2007
National Treasure: Book of Secrets,2007
Next,2007
No Country for Old Men,2007
No Reservations,2007
Norbit,2007
Ocean's Thirteen,2007
P.S. I Love You,2007
Paranormal Activity,2007
Pathfinder,2007
Perfect Stranger,2007
Pirates of the Caribbean: At World's End,2007
Planet Terror,2007
Postal,2007
Premonition,2007
Ratatouille,2007
Redline,2007
Reign Over Me,2007
Rendition,2007
Reservation Road,2007
Resident Evil: Extinction,2007
Rise of the Footsoldier,2007
Run Fatboy Run,2007
Rush Hour 3,2007
Savage Grace,2007
Saw IV,2007
Scar,2007
"Se, jie",2007
Shoot 'Em Up,2007
Shooter,2007
Shrek the Third,2007
Shrooms,2007
Smiley Face,2007
Son of Rambow,2007
Spider-Man 3,2007
St. Trinian's,2007
Stardust,2007
Stomp the Yard,2007
Sunshine,2007
Superbad,2007
Surf's Up,2007
Sweeney Todd: The Demon Barber of Fleet Street,2007
Sydney White,2007
TMNT,2007
Taare Zameen Par,2007
Ten Inch Hero,2007
The Assassination of Jesse James by the Coward Robert Ford,2007
The Babysitters,2007
The Bourne Ultimatum,2007
The Brave One,2007
The Bucket List,2007
The Condemned,2007
The Darjeeling Limited,2007
The Game Plan,2007
The Girl Next Door,2007
The Golden Compass,2007
The Great Debaters,2007
The Heartbreak Kid,2007
The Hills Have Eyes II,2007
The Hitcher,2007
The Hunting Party,2007
The Invasion,2007
The Jane Austen Book Club,2007
The Kingdom,2007
The Kite Runner,2007
The Last Legion,2007
The Last Mimzy,2007
The Lookout,2007
The Man from Earth,2007
The Messengers,2007
The Nanny Diaries,2007
The Nines,2007
The Number 23,2007
The Poughkeepsie Tapes,2007
The Reaping,2007
The Simpsons Movie,2007
The Take,2007
The Visitor,2007
The Water Horse,2007
There Will Be Blood,2007
Things We Lost in the Fire,2007
Trade,2007
Transformers,2007
Tropa de Elite,2007
Vacancy,2007
Waitress,2007
Walk Hard: The Dewey Cox Story,2007
War,2007
We Own the Night,2007
Wild Hogs,2007
Zodiac,2007
[Rec],2007
Ben-Hur,1959
Middle of the Night,1959
North by Northwest,1959
Rio Bravo,1959
Sleeping Beauty,1959
Some Like It Hot,1959
Yellowstone Kelly,1959
American Graffiti,1973
Badlands,1973
Don't Look Now,1973
Enter the Dragon,1973
High Plains Drifter,1973
Live and Let Die,1973
Mean Streets,1973
Papillon,1973
Robin Hood,1973
Serpico,1973
Soylent Green,1973
The Exorcist,1973
The Sting,1973
The Way We Were,1973
The Wicker Man,1973
Westworld,1973
101 Dalmatians,1996
Beautiful Girls,1996
Bio-Dome,1996
Bottle Rocket,1996
Bound,1996
Broken Arrow,1996
Bulletproof,1996
Courage Under Fire,1996
D3: The Mighty Ducks,1996
Don't Be a Menace to South Central While Drinking Your Juice in the Hood,1996
DragonHeart,1996
Emma,1996
Eraser,1996
Escape from L.A.,1996
Everyone Says I Love You,1996
Evita,1996
Executive Decision,1996
Fargo,1996
Fear,1996
First Kid,1996
Fly Away Home,1996
From Dusk Till Dawn,1996
Hamlet,1996
Happy Gilmore,1996
Harriet the Spy,1996
Homeward Bound II: Lost in San Francisco,1996
Independence Day,1996
Jack,1996
James and the Giant Peach,1996
Jane Eyre,1996
Jerry Maguire,1996
Jingle All the Way,1996
Kingpin,1996
Last Man Standing,1996
Lone Star,1996
Mars Attacks!,1996
Marvin's Room,1996
Matilda,1996
Michael,1996
Mission: Impossible,1996
One Fine Day,1996
Phenomenon,1996
Primal Fear,1996
Pusher,1996
Ransom,1996
Romeo + Juliet,1996
Scream,1996
Set It Off,1996
She's the One,1996
Shine,1996
Sleepers,1996
Sling Blade,1996
Space Jam,1996
Spy Hard,1996
Star Trek: First Contact,1996
Stealing Beauty,1996
Striptease,1996
That Thing You Do!,1996
The Arrival,1996
The Cable Guy,1996
The Craft,1996
The Crucible,1996
The First Wives Club,1996
The Frighteners,1996
The Ghost and the Darkness,1996
The Glimmer Man,1996
The Hunchback of Notre Dame,1996
The Island of Dr. Moreau,1996
The Juror,1996
The Long Kiss Goodnight,1996
The Nutty Professor,1996
The Phantom,1996
The Rock,1996
Thinner,1996
Trainspotting,1996
Twister,1996
Justice League,2017
Avatar 2,2016
Pirates of the Caribbean: Dead Men Tell No Tales,2016
The Flash,2016
2001: A Space Odyssey,1968
Bullitt,1968
C'era una volta il West,1968
Chitty Chitty Bang Bang,1968
Funny Girl,1968
Hang 'Em High,1968
Night of the Living Dead,1968
Oliver!,1968
Planet of the Apes,1968
Romeo and Juliet,1968
Rosemary's Baby,1968
The Legend of Lylah Clare,1968
The Odd Couple,1968
Where Eagles Dare,1968
It Happened One Night,1934
Citizen Kane,1941
Dumbo,1941
The Maltese Falcon,1941
Abre los ojos,1997
Air Force One,1997
Alien: Resurrection,1997
Amistad,1997
An American Werewolf in Paris,1997
Anaconda,1997
Anastasia,1997
Austin Powers: International Man of Mystery,1997
Batman & Robin,1997
Bean,1997
Carne tremula,1997
Con Air,1997
Conspiracy Theory,1997
Contact,1997
Cop Land,1997
Cube,1997
Dante's Peak,1997
Deconstructing Harry,1997
Donnie Brasco,1997
Event Horizon,1997
Face/Off,1997
Fools Rush In,1997
Funny Games,1997
G.I. Jane,1997
Gattaca,1997
George of the Jungle,1997
Good Burger,1997
Good Will Hunting,1997
Grosse Pointe Blank,1997
Gummo,1997
Hercules,1997
Home Alone 3,1997
I Know What You Did Last Summer,1997
Jackie Brown,1997
Kiss the Girls,1997
L.A. Confidential,1997
La vita e bella,1997
Liar Liar,1997
Lolita,1997
Lost Highway,1997
Men in Black,1997
Midnight in the Garden of Good and Evil,1997
Mimic,1997
Money Talks,1997
Mononoke-hime,1997
Mortal Kombat: Annihilation,1997
Mousehunt,1997
My Best Friend's Wedding,1997
Nothing to Lose,1997
Plump Fiction,1997
Private Parts,1997
Romy and Michele's High School Reunion,1997
Scream 2,1997
Selena,1997
Seven Years in Tibet,1997
Snow White: A Tale of Terror,1997
Spawn,1997
Speed 2: Cruise Control,1997
Spice World,1997
Starship Troopers,1997
Suicide Kings,1997
The Borrowers,1997
The Devil's Advocate,1997
The Devil's Own,1997
The Edge,1997
The Fifth Element,1997
The Game,1997
The Jackal,1997
The Lost World: Jurassic Park,1997
The Postman,1997
The Rainmaker,1997
The Saint,1997
Titanic,1997
Tomorrow Never Dies,1997
U Turn,1997
Vegas Vacation,1997
Volcano,1997
A bout de souffle,1960
La dolce vita,1960
Ocean's Eleven,1960
Plein soleil,1960
Spartacus,1960
The Apartment,1960
The Magnificent Seven,1960
The Time Machine,1960
All About Eve,1950
Cinderella,1950
Harvey,1950
Rashomon,1950
Sunset Blvd.,1950
Tea for Two,1950
Doctor Zhivago,1965
Per qualche dollaro in piu,1965
Repulsion,1965
The Sound of Music,1965
Those Magnificent Men in Their Flying Machines or How I Flew from London to Paris in 25 hours 11 minutes,1965
Thunderball,1965
Animal House,1978
Convoy,1978
Dawn of the Dead,1978
Days of Heaven,1978
Every Which Way But Loose,1978
Force 10 from Navarone,1978
Grease,1978
Halloween,1978
Invasion of the Body Snatchers,1978
Jaws 2,1978
Midnight Express,1978
Piranha,1978
Superman,1978
The Cheap Detective,1978
The Deer Hunter,1978
The Wiz,1978
Up in Smoke,1978
Watership Down,1978
Metropolis,1927
8-1/2,1963
Bye Bye Birdie,1963
Charade,1963
Cleopatra,1963
From Russia with Love,1963
"It's a Mad, Mad, Mad, Mad World",1963
Lord of the Flies,1963
The Birds,1963
The Great Escape,1963
The Pink Panther,1963
The Sword in the Stone,1963
3 Ninjas,1992
A Few Good Men,1992
A League of Their Own,1992
A River Runs Through It,1992
Aladdin,1992
Alien 3,1992
Army of Darkness,1992
Batman Returns,1992
Beethoven,1992
Bitter Moon,1992
Boomerang,1992
Braindead,1992
Buffy the Vampire Slayer,1992
Candyman,1992
Captain Ron,1992
Chaplin,1992
Como agua para chocolate,1992
Damage,1992
Death Becomes Her,1992
El mariachi,1992
Encino Man,1992
Far and Away,1992
FernGully: The Last Rainforest,1992
Forever Young,1992
Glengarry Glen Ross,1992
Home Alone 2: Lost in New York,1992
Howards End,1992
Jennifer Eight,1992
Juice,1992
Lethal Weapon 3,1992
Malcolm X,1992
My Cousin Vinny,1992
Newsies,1992
Of Mice and Men,1992
Passenger 57,1992
Patriot Games,1992
Reservoir Dogs,1992
Scent of a Woman,1992
School Ties,1992
Single White Female,1992
Sister Act,1992
Sneakers,1992
Strictly Ballroom,1992
The Bodyguard,1992
The Crying Game,1992
The Cutting Edge,1992
The Hand That Rocks the Cradle,1992
The Last of the Mohicans,1992
The Lawnmower Man,1992
The Mighty Ducks,1992
Toys,1992
Twin Peaks: Fire Walk with Me,1992
Under Siege,1992
Unforgiven,1992
Universal Soldier,1992
Wayne's World,1992
White Men Can't Jump,1992
127 Hours,2010
13,2010
4.3.2.1,2010
5 Days of War,2010
A Nightmare on Elm Street,2010
A bout portant,2010
Ajeossi,2010
Akmareul boatda,2010
Alice in Wonderland,2010
All Good Things,2010
And Soon the Darkness,2010
Animal Kingdom,2010
Another Year,2010
Barney's Version,2010
Beginners,2010
Birdemic: Shock and Terror,2010
Biutiful,2010
Black Death,2010
Black Swan,2010
Blue Valentine,2010
Boy,2010
Bunraku,2010
Buried,2010
Burke and Hare,2010
Burlesque,2010
Ca$h,2010
Casino Jack,2010
Catfish,2010
Cemetery Junction,2010
Centurion,2010
Charlie St. Cloud,2010
Chatroom,2010
Clash of the Titans,2010
Conviction,2010
Cop Out,2010
Country Strong,2010
Cyrus,2010
Das letzte Schweigen,2010
Date Night,2010
Daydream Nation,2010
Dear John,2010
Death at a Funeral,2010
Despicable Me,2010
Devil,2010
Diary of a Wimpy Kid,2010
Dinner for Schmucks,2010
Dog Pound,2010
Don't Be Afraid of the Dark,2010
Due Date,2010
Easy A,2010
Eat Pray Love,2010
Edge of Darkness,2010
Elle s'appelait Sarah,2010
Every Day,2010
Everything Must Go,2010
Exit Through the Gift Shop,2010
Extraordinary Measures,2010
Fair Game,2010
Faster,2010
Flipped,2010
For Colored Girls,2010
Four Lions,2010
From Paris with Love,2010
Frozen,2010
Get Him to the Greek,2010
Going the Distance,2010
Green Zone,2010
Greenberg,2010
Grown Ups,2010
Gulliver's Travels,2010
Habitacion en Roma,2010
Haevnen,2010
Happythankyoumoreplease,2010
Harry Potter and the Deathly Hallows: Part 1,2010
Henry's Crime,2010
Hereafter,2010
Hesher,2010
High School,2010
Hot Tub Time Machine,2010
How Do You Know,2010
How to Make Love to a Woman,2010
How to Train Your Dragon,2010
Howl,2010
I Spit on Your Grave,2010
I'm Still Here,2010
Incendies,2010
Inception,2010
Inside Job,2010
Insidious,2010
Iron Man 2,2010
It's Kind of a Funny Story,2010
Jackass 3D,2010
Jonah Hex,2010
Jusan-nin no shikaku,2010
Just Wright,2010
Kari-gurashi no Arietti,2010
Killers,2010
Knight and Day,2010
Kongen av Bastoy,2010
L'arnacoeur,2010
Last Night,2010
Leap Year,2010
Legend of the Guardians: The Owls of Ga'Hoole,2010
Legion,2010
Les aventures extraordinaires d'Adele Blanc-Sec,2010
Les petits mouchoirs,2010
Let Me In,2010
Letters to Juliet,2010
Life as We Know It,2010
Little Fockers,2010
Locked In,2010
Loft,2010
London Boulevard,2010
Los ojos de Julia,2010
Lottery Ticket,2010
Love & Other Drugs,2010
MacGruber,2010
Machete,2010
Marmaduke,2010
Megamind,2010
Monsters,2010
Morning,2010
Morning Glory,2010
Mother's Day,2010
My Name Is Khan,2010
My Soul to Take,2010
Nanny McPhee and the Big Bang,2010
Never Let Me Go,2010
Our Family Wedding,2010
Paranormal Activity 2,2010
Passion Play,2010
Percy Jackson & the Olympians: The Lightning Thief,2010
Piranha 3D,2010
Predators,2010
Prince of Persia: The Sands of Time,2010
Prowl,2010
Rabbit Hole,2010
Ramona and Beezus,2010
Red,2010
Remember Me,2010
Repo Men,2010
Resident Evil: Afterlife,2010
Robin Hood,2010
Rubber,2010
Salt,2010
Saw 3D,2010
Scott Pilgrim vs. the World,2010
Secretariat,2010
Senna,2010
Shanghai,2010
She's Out of My League,2010
Shelter,2010
Shrek Forever After,2010
Shutter Island,2010
Skyline,2010
Snabba cash,2010
Somewhere,2010
Somos lo que hay,2010
Stake Land,2010
Step Up 3D,2010
Stone,2010
StreetDance 3D,2010
Super,2010
TRON: Legacy,2010
Takers,2010
Tamara Drewe,2010
Tangled,2010
Tekken,2010
The A-Team,2010
The American,2010
The Back-up Plan,2010
The Bang Bang Club,2010
The Book of Eli,2010
The Bounty Hunter,2010
The Chronicles of Narnia: The Voyage of the Dawn Treader,2010
The Clinic,2010
The Company Men,2010
The Conspirator,2010
The Crazies,2010
The Debt,2010
The Expendables,2010
The Experiment,2010
The Fighter,2010
The Final,2010
The Ghost Writer,2010
The Karate Kid,2010
The Kids Are All Right,2010
The Killer Inside Me,2010
The King's Speech,2010
The Last Airbender,2010
The Last Exorcism,2010
The Last Song,2010
The Losers,2010
The Next Three Days,2010
The Other Guys,2010
The Penthouse,2010
The Perfect Host,2010
The Presence,2010
The Reef,2010
The Romantics,2010
The Runaways,2010
The Shrine,2010
The Social Network,2010
The Sorcerer's Apprentice,2010
The Spy Next Door,2010
The Switch,2010
The Tortured,2010
The Tourist,2010
The Town,2010
The Trip,2010
The Twilight Saga: Eclipse,2010
The Ward,2010
The Warrior's Way,2010
The Way,2010
The Way Back,2010
The Wolfman,2010
Tiny Furniture,2010
"Tomorrow, When the War Began",2010
Tooth Fairy,2010
Toy Story 3,2010
Triple Dog,2010
Trolljegeren,2010
Tropa de Elite 2 - O Inimigo Agora E Outro,2010
True Grit,2010
Tucker and Dale vs Evil,2010
Twelve,2010
Unstoppable,2010
Unthinkable,2010
Valentine's Day,2010
Vampires Suck,2010
Vanishing on 7th Street,2010
Waiting for Forever,2010
Wall Street: Money Never Sleeps,2010
Welcome to the Rileys,2010
When in Rome,2010
Why Did I Get Married Too?,2010
Winter's Bone,2010
Womb,2010
Wrecked,2010
Yip Man 2,2010
Yip Man chinchyun,2010
Yogi Bear,2010
You Again,2010
You Will Meet a Tall Dark Stranger,2010
1941,1979
Alien,1979
Apocalypse Now,1979
Being There,1979
Caligola,1979
Escape from Alcatraz,1979
Hair,1979
Kramer vs. Kramer,1979
Life of Brian,1979
Mad Max,1979
Manhattan,1979
Meatballs,1979
Moonraker,1979
Quadrophenia,1979
Rocky II,1979
Stalker,1979
Star Trek: The Motion Picture,1979
The Amityville Horror,1979
The Black Hole,1979
The Jerk,1979
The Warriors,1979
Zombi 2,1979
37.2 le matin,1986
Aliens,1986
An American Tail,1986
Back to School,1986
Big Trouble in Little China,1986
Blue Velvet,1986
Cobra,1986
Crocodile Dundee,1986
Der Name der Rose,1986
Ferris Bueller's Day Off,1986
Flight of the Navigator,1986
Hannah and Her Sisters,1986
Heartbreak Ridge,1986
Highlander,1986
Hoosiers,1986
House,1986
Howard the Duck,1986
Jason Lives: Friday the 13th Part VI,1986
Labyrinth,1986
Little Shop of Horrors,1986
Manhunter,1986
Maximum Overdrive,1986
Nine 1/2 Weeks,1986
Platoon,1986
Poltergeist II: The Other Side,1986
Psycho III,1986
River's Edge,1986
Short Circuit,1986
Sid and Nancy,1986
SpaceCamp,1986
Stand by Me,1986
Star Trek IV: The Voyage Home,1986
Tenku no shiro Rapyuta,1986
The Color of Money,1986
The Delta Force,1986
The Fly,1986
The Great Mouse Detective,1986
The Hitcher,1986
"The Karate Kid, Part II",1986
The Mission,1986
The Money Pit,1986
The Mosquito Coast,1986
The Transformers: The Movie,1986
The Wraith,1986
Three Amigos!,1986
Top Gun,1986
High Noon,1952
Singin' in the Rain,1952
The Member of the Wedding,1952
The Quiet Man,1952
Bonnie and Clyde,1967
Casino Royale,1967
Cool Hand Luke,1967
Divorce American Style,1967
Guess Who's Coming to Dinner,1967
In the Heat of the Night,1967
The Dirty Dozen,1967
The Jungle Book,1967
The Producers,1967
Valley of the Dolls,1967
Wait Until Dark,1967
You Only Live Twice,1967
The Lady Vanishes,1938
East of Eden,1955
Lady and the Tramp,1955
Les diaboliques,1955
Rebel Without a Cause,1955
The Night of the Hunter,1955
The Seven Year Itch,1955
To Catch a Thief,1955
11:14,2003
2 Fast 2 Furious,2003
21 Grams,2003
A Guy Thing,2003
A Man Apart,2003
Agent Cody Banks,2003
All the Real Girls,2003
American Splendor,2003
American Wedding,2003
Anger Management,2003
Anything Else,2003
Bad Boys II,2003
Bad Santa,2003
Basic,2003
Beyond Borders,2003
Big Fish,2003
Brother Bear,2003
Bruce Almighty,2003
Bulletproof Monk,2003
Camp,2003
Charlie's Angels: Full Throttle,2003
Chasing Papi,2003
Cheaper by the Dozen,2003
Cold Mountain,2003
Cradle 2 the Grave,2003
Daddy Day Care,2003
Daredevil,2003
Darkness Falls,2003
Dogville,2003
Dr. Seuss' The Cat in the Hat,2003
Dreamcatcher,2003
Dumb and Dumberer: When Harry Met Lloyd,2003
Duplex,2003
Elephant,2003
Elf,2003
Final Destination 2,2003
Finding Nemo,2003
Freaky Friday,2003
Freddy vs. Jason,2003
Girl with a Pearl Earring,2003
Good Bye Lenin!,2003
Gothika,2003
Grind,2003
Haute tension,2003
Holes,2003
House of 1000 Corpses,2003
House of Sand and Fog,2003
